ab|Andreas Bregas|ab@openoffice.org
abi|Andreas Bille|abi@openoffice.org
ace_dent|Andrew Dent|ace_dent@openoffice.org
af|Andre Fischer|af@openoffice.org
aidan|Aidan Butler|aidan@openoffice.org
ama|Andreas Martens|ama@openoffice.org
antoxu|Antonio Xu|antoxu@openoffice.org
armin|Armin Theissen|armin@openoffice.org
as|Andreas Schlüns|as@openoffice.org
asrail|Caio Tiago Oliveira|asrail@openoffice.org
aw|Armin Weiss|aw@openoffice.org
bc|Behrend Cornelius|bc@openoffice.org
bei|Bernd Eilers|bei@openoffice.org
beppec56|Giuseppe Castagno|beppec56@openoffice.org
berryjia|Berry Jia|berryjia@openoffice.org
bh|Bettina Haberer|bh@openoffice.org
Bibek|Bibek Sahu|Bibek@openoffice.org
bluedwarf|Takashi Nakamoto|bluedwarf@openoffice.org
bmahbod|Babak Mahbod|bmahbod@openoffice.org
bm|Björn Milcke|bm@openoffice.org
b_michaelsen|Björn Michaelsen|b_michaelsen@openoffice.org
bnolte|Bertram Nolte|bnolte@openoffice.org
bustamam|Bustamam Harun|bustamam@openoffice.org
cd|Carsten Driesner|cd@openoffice.org
cgu|Christian Guenther|cgu@openoffice.org
cj|Christian Jansen|cj@openoffice.org
cl|Christian Lippka|cl@openoffice.org
clu|Chris Lukasiak|clu@openoffice.org
cmc|Caolán McNamara|cmc@openoffice.org
cn|Christoph Neumann|cn@openoffice.org
coni|Rafaella Braconi|coni@openoffice.org
cphennessy|Con Hennessy|cphennessy@openoffice.org
cp|Christof Pintaske|cp@openoffice.org
cremlae|Omer Bar-or|cremlae@openoffice.org
cs|Claus Agerskov|cs@openoffice.org
Cyb|Christian Junker|Cyb@openoffice.org
cyrillem|Cyrille Moureaux|cyrillem@openoffice.org
davidfraser|David Fraser|davidfraser@openoffice.org
dbo|Daniel Boelzle|dbo@openoffice.org
dfoster|Duncan Foster|dfoster@openoffice.org
dg|Dirk Grobler|dg@openoffice.org
dkeskar|Dhananjay Keskar|dkeskar@openoffice.org
dl|Dieter Loeschky|dl@openoffice.org
doko|Matthias Klose|doko@openoffice.org
donqg|Quangang Dong|donqg@openoffice.org
drbyte|Colin Charles|drbyte@openoffice.org
dr|Daniel Rentz|dr@openoffice.org
dsherwin|Darragh Sherwin|dsherwin@openoffice.org
dtardon|David Tardon|dtardon@openoffice.org
duyunfen|Yunfen Du|duyunfen@openoffice.org
dv|Dirk Völzke|dv@openoffice.org
dvo|Daniel Vogelheim|dvo@openoffice.org
ebischoff|Éric Bischoff|ebischoff@openoffice.org
ekato|Etsushi Kato|ekato@openoffice.org
er|Eike Rathke|er@openoffice.org
ericb|Eric Bachard|ericb@openoffice.org
es|Éric Savary|es@openoffice.org
fa|Dan Williams|fa@openoffice.org
fangyq|Yaqiong Fang|fangyq@openoffice.org
federicomena|Federico Mena-Quintero|federicomena@openoffice.org
fha|Fredrik Haegg|fha@openoffice.org
filhocf|Claudio F Filho|filhocf@openoffice.org
fl|Frank Loehmann|fl@openoffice.org
flr|Florian Reuter|flr@openoffice.org
fma|Frank Mau|fma@openoffice.org
fme|Frank Meies|fme@openoffice.org
fne|Frank Neumann|fne@openoffice.org
fpe|Frank Peters|fpe@openoffice.org
fridrich_strba|Fridrich Štrba|fridrich_strba@openoffice.org
fs|Frank Schönheit|fs@openoffice.org
fst|Frank Stecher|fst@openoffice.org
ganaya|Gene Anaya|ganaya@openoffice.org
Gao Peng|Peng Gao|Gao Peng@openoffice.org
gaozemin|Zemin Gao|gaozemin@openoffice.org
georgez|George Zahopoulos|georgez@openoffice.org
gh|Gregor Hartmann|gh@openoffice.org
gm|Gerd Weiss|gm@openoffice.org
goranrakic|Goran Rakić|goranrakic@openoffice.org
grichter|Georg Richter|grichter@openoffice.org
grsingleton|G. Roderick Singleton|grsingleton@openoffice.org
haggai|Chris Halls|haggai@openoffice.org
hanbo|Bo Han|hanbo@openoffice.org
hde|Helge Delfs|hde@openoffice.org
hdu|Herbert Duerr|hdu@openoffice.org
hi|Hasan Ilter|hi@openoffice.org
hjs|Hans-Joachim Lankenau|hjs@openoffice.org
hr|Jens-Heiner Rechtien|hr@openoffice.org
hro|Hennes Rohling|hro@openoffice.org
hub|Hubert Figuière|hub@openoffice.org
chainchen|Jinhong Chen|chainchen@openoffice.org
christophnoack|Christoph Noack|christophnoack@openoffice.org
ch2000liuy|YU Liu|ch2000liuy@openoffice.org
icobgr|Hristo Hristov|icobgr@openoffice.org
iha|Ingrid Halama|iha@openoffice.org
ihi|Ivo Hinkelmann|ihi@openoffice.org
ih|Ilko Höpping|ih@openoffice.org
is|Ingo Schmidt|is@openoffice.org
isma87|Ismael Merzaq|isma87@openoffice.org
jacky23|Sheng zhao|jacky23@openoffice.org
ja|Joost Andrae|ja@openoffice.org
jakob_lechner|Jakob Lechner|jakob_lechner@openoffice.org
jayant_madavi|Jayant Balraj Madavi|jayant_madavi@openoffice.org
jb|Jörg Barfurth|jb@openoffice.org
jbrunsmann|Jörg Brunsmann|jbrunsmann@openoffice.org
jbu|Jörg Budischewski|jbu@openoffice.org
jcn|Jan Nieuwenhuizen|jcn@openoffice.org
jiamingfei|Mingfei Jia|jiamingfei@openoffice.org
jiangc|Chuang Jiang|jiangc@openoffice.org
jj|Jörg Jahnke|jj@openoffice.org
jl|Joachim Lingner|jl@openoffice.org
jmarmion|John Marmion|jmarmion@openoffice.org
jnavrati|Jan Navrátil|jnavrati@openoffice.org
jodygoldberg|Jody Goldberg|jodygoldberg@openoffice.org
jpryor|Jonathan Pryor|jpryor@openoffice.org
jsc|J&uuml;rgen Schmidt|jsc@openoffice.org
jsi|Joerg Sievers|jsi@openoffice.org
jsk|Joerg Skottke|jsk@openoffice.org
jspindler|Jörg Spindler|jspindler@openoffice.org
jw|Jack Warchold|jw@openoffice.org
jza|Alexandro Colorado|jza@openoffice.org
kaib|Kai Backman|kaib@openoffice.org
ka|Kai Ahrens|ka@openoffice.org
kangjingchuan|Jingchuan Kang|kangjingchuan@openoffice.org
kcarr|Scott Carr|kcarr@openoffice.org
kendy|Jan Holesovsky|kendy@openoffice.org
khendricks|Kevin Hendricks|khendricks@openoffice.org
khirano|Hirano Kazunari|khirano@openoffice.org
khong|Karl Hong|khong@openoffice.org
kla|Thomas Klarhoefer|kla@openoffice.org
kohei|Kohei Yoshida|kohei@openoffice.org
kr|Kay Ramme|kr@openoffice.org
kso|Kai Sommerfeld|kso@openoffice.org
kstribley|Keith Stribley|kstribley@openoffice.org
kz|Kurt Zenker|kz@openoffice.org
laurentgodard|Laurent Godard|laurentgodard@openoffice.org
lh|Lutz Hoeger|lh@openoffice.org
liangweike|Weike Liang|liangweike@openoffice.org
lijian|Jian Li|lijian@openoffice.org
liujl|Jianli Liu|liujl@openoffice.org
liutao| LiuTao|liutao@openoffice.org
Liu YiSong|Liu YiSong|Liu YiSong@openoffice.org
liuyuhua|Yuhua Liu|liuyuhua@openoffice.org
lixxing|Xing Li|lixxing@openoffice.org
liyuan|Yuan  Li|liyuan@openoffice.org
lkovacs|Laszlo Kovacs|lkovacs@openoffice.org
lla|Lars Langhans|lla@openoffice.org
lo|Lars Oppermann|lo@openoffice.org
louis|Louis Suárez-Potts|louis@openoffice.org
Luo Jingrong|Jingrong Luo|Luo Jingrong@openoffice.org
lvxg|Xugang Lv|lvxg@openoffice.org
lvyue|Yue Lv|lvyue@openoffice.org
maho|Nakata Maho|maho@openoffice.org
maoyonggang|Yonggang Mao|maoyonggang@openoffice.org
maveric|Eric Hoch|maveric@openoffice.org
mav|Mikhail Voitenko|mav@openoffice.org
mba|Mathias Bauer|mba@openoffice.org
mci|Michael Cziebalski|mci@openoffice.org
mh|Martin Hollmichel|mh@openoffice.org
mhu|Matthias Huetsch|mhu@openoffice.org
mib|Michael Brauer|mib@openoffice.org
mikeleib|Michael Leibowitz|mikeleib@openoffice.org
mi|Michael Hönnig|mi@openoffice.org
mindyliu|Mindy Liu|mindyliu@openoffice.org
mkretzschmar|Martin Kretzschmar|mkretzschmar@openoffice.org
mloiseleur|Michel Loiseleur|mloiseleur@openoffice.org
mmaher|Martin Maher|mmaher@openoffice.org
mmeeks|Michael Meeks|mmeeks@openoffice.org
mmi|Michael Mi|mmi@openoffice.org
mmp|Matthias Müller-Prove|mmp@openoffice.org
mnicel|NicelKM|mnicel@openoffice.org
mod|Maximilian Odendahl|mod@openoffice.org
mox|Mox Soini|mox@openoffice.org
mrauch|Michael Rauch|mrauch@openoffice.org
mru|Michael Rüß|mru@openoffice.org
msc|Marc Neumann|msc@openoffice.org
mtg|Martin Gallwey|mtg@openoffice.org
mt|Malte Timmermann|mt@openoffice.org
muthusuba|Muthu Subramanian|muthusuba@openoffice.org
nemeth|Németh László|nemeth@openoffice.org
nf|Nils Fuhrmann|nf@openoffice.org
nick|Nick Blievers|nick@openoffice.org
nn|Niklas Nebel|nn@openoffice.org
np|Nikolai Pretzell|np@openoffice.org
npower|Noel Power|npower@openoffice.org
obo|Oliver Bolte|obo@openoffice.org
obr|Oliver Braun|obr@openoffice.org
oc|Oliver Craemer|oc@openoffice.org
od|Oliver Düsterhoff|od@openoffice.org
of|Olaf Felka|of@openoffice.org
oj|Ocke Janssen|oj@openoffice.org
OPENSTEP|Edward Peterlin|OPENSTEP@openoffice.org
os|Oliver Specht|os@openoffice.org
pagalmes|Pierre-Andre Galmes|pagalmes@openoffice.org
pastea_p|Pierre Pasteau|pastea_p@openoffice.org
pb|Peter Burow|pb@openoffice.org
pdefilippis|Pierre de Filippis|pdefilippis@openoffice.org
pereriksson|Per Eriksson|pereriksson@openoffice.org
pflin|Fong Lin|pflin@openoffice.org
pjanik|Pavel Janík|pjanik@openoffice.org
pj|Peter Junge|pj@openoffice.org
pjunck|Pascal Junck|pjunck@openoffice.org
pliao|Ping Liao|pliao@openoffice.org
plipli|Sebastien Plisson|plipli@openoffice.org
pl|Philipp Lohmann|pl@openoffice.org
pluby|Patrick Luby|pluby@openoffice.org
pmadhav|Prasad Madhav|pmadhav@openoffice.org
pmladek|Petr Mladek|pmladek@openoffice.org
quch|Canghua Qu|quch@openoffice.org
radekdoulik|Radek Doulik|radekdoulik@openoffice.org
rail|Rail Aliev|rail@openoffice.org
rajeshsola|Rajesh Sola|rajeshsola@openoffice.org
rakeshpandit|Rakesh Pandit|rakeshpandit@openoffice.org
rene|René Engelhard|rene@openoffice.org
rkinsella|Robert Kinsella|rkinsella@openoffice.org
rodarvus|Rodrigo Parra Novo|rodarvus@openoffice.org
rpiterman|Ron Piterman|rpiterman@openoffice.org
rsiddhartha|Raul Siddhartha|rsiddhartha@openoffice.org
rt|Rüdiger Timm|rt@openoffice.org
rvojta|Robert Vojta|rvojta@openoffice.org
sab|Sascha Ballach|sab@openoffice.org
sba|Stefan Baltzer|sba@openoffice.org
sb|Stephan Bergmann|sb@openoffice.org
sewardj|Julian Seward|sewardj@openoffice.org
sgauti|Sophie Gautier|sgauti@openoffice.org
sg|Steffen Grund|sg@openoffice.org
shilei|Lei shi|shilei@openoffice.org
shiwg|Wei Guo SHI|shiwg@openoffice.org
shizhoubo|Zhoubo  Shi|shizhoubo@openoffice.org
schmidtm|Matthias Schmidt|schmidtm@openoffice.org
sjanki|Sunil Amitkumar Janki|sjanki@openoffice.org
sj|Sven Jacobi|sj@openoffice.org
smmathews|Shane M Mathews|smmathews@openoffice.org
smsm1|Shaun McDonald|smsm1@openoffice.org
sparcmoz|Jim Watson|sparcmoz@openoffice.org
ssa|Stephan Schäfer|ssa@openoffice.org
ssmith|Sarah Smith|ssmith@openoffice.org
sts|Stella Schulze|sts@openoffice.org
st|Stefan Taxhet|st@openoffice.org
sus|Svante Schubert|sus@openoffice.org
svesik|Sander Vesik|svesik@openoffice.org
sw|Stephan Wunderlich|sw@openoffice.org
tbe|Thomas Benisch|tbe@openoffice.org
tbo|Thorsten Bosbach|tbo@openoffice.org
thb|Thorsten Behrens|thb@openoffice.org
thorstenziehm|Thorsten Ziehm|thorstenziehm@openoffice.org
tietjens|Jan Tietjens|tietjens@openoffice.org
tkr|Tobias Krause|tkr@openoffice.org
tl|Thomas Lange|tl@openoffice.org
tml|Tor Lillqvist|tml@openoffice.org
tm|Thorsten Martens|tm@openoffice.org
toconnor|Tomas O'Connor|toconnor@openoffice.org
tonn|Gerhard Tonn|tonn@openoffice.org
tono|Takashi Ono|tono@openoffice.org
tonygalmiche|Tony Galmiche|tonygalmiche@openoffice.org
tqfa|Quanfa Tang|tqfa@openoffice.org
tra|Tino Rachui|tra@openoffice.org
tv|Tom Verbeek|tv@openoffice.org
ufi|Uwe Fischer|ufi@openoffice.org
ul|Uwe Luebbers|ul@openoffice.org
us|Ulf Stroehler|us@openoffice.org
va|Volker Ahrendt|va@openoffice.org
vg|Vladimir Glazounov|vg@openoffice.org
volody|Volodymyr Khrystynych|volody@openoffice.org
vq|Volker Quetschke|vq@openoffice.org
waratah|Ken Foskey|waratah@openoffice.org
weiz|Zhao Wei|weiz@openoffice.org
wg|Wolfram Garten|wg@openoffice.org
willem.vandorp|Willem van Dorp|willem.vandorp@openoffice.org
windly|Wind Li|windly@openoffice.org
wlach|Will Lachance|wlach@openoffice.org
wuy|Yan Wu|wuy@openoffice.org
xudehua|Dehua Xu|xudehua@openoffice.org
xxjack12xx|Jackson Low|xxjack12xx@openoffice.org
xzcheng|Xiuzhi Cheng|xzcheng@openoffice.org
ydario|Yuri Dario|ydario@openoffice.org
yugq|Yu Guoqiang|yugq@openoffice.org
zhanghuajun|Huajun Zhang|zhanghuajun@openoffice.org
Zhangxiaofei|Xiaofei Zhang|Zhangxiaofei@openoffice.org
zhaojianwei|Jianwei Zhao|zhaojianwei@openoffice.org
zhiming|Jeremy Zheng|zhiming@openoffice.org
